OA11CD,LSOA11CD,LSO11ANM,MSOA11CD,MSOA11NM,LAD11CD,LAD11NM
E00052578,E01010410,Wolverhampton 033A,E02002181,Wolverhampton 033,E08000031,Wolverhampton
E00052579,E01010410,Wolverhampton 033A,E02002181,Wolverhampton 033,E08000031,Wolverhampton
E00052580,E01010412,Wolverhampton 033C,E02002181,Wolverhampton 033,E08000031,Wolverhampton
E00052581,E01010410,Wolverhampton 033A,E02002181,Wolverhampton 033,E08000031,Wolverhampton
E00052582,E01010414,Wolverhampton 027A,E02002175,Wolverhampton 027,E08000031,Wolverhampton
E00052583,E01010414,Wolverhampton 027A,E02002175,Wolverhampton 027,E08000031,Wolverhampton
E00052584,E01010410,Wolverhampton 033A,E02002181,Wolverhampton 033,E08000031,Wolverhampton
E00052585,E01010414,Wolverhampton 027A,E02002175,Wolverhampton 027,E08000031,Wolverhampton
E00052587,E01010411,Wolverhampton 033B,E02002181,Wolverhampton 033,E08000031,Wolverhampton
E00052588,E01010410,Wolverhampton 033A,E02002181,Wolverhampton 033,E08000031,Wolverhampton
E00052589,E01010412,Wolverhampton 033C,E02002181,Wolverhampton 033,E08000031,Wolverhampton
E00052590,E01010411,Wolverhampton 033B,E02002181,Wolverhampton 033,E08000031,Wolverhampton
E00052591,E01010411,Wolverhampton 033B,E02002181,Wolverhampton 033,E08000031,Wolverhampton
E00052592,E01010412,Wolverhampton 033C,E02002181,Wolverhampton 033,E08000031,Wolverhampton
E00052593,E01010412,Wolverhampton 033C,E02002181,Wolverhampton 033,E08000031,Wolverhampton
E00052594,E01010413,Wolverhampton 033D,E02002181,Wolverhampton 033,E08000031,Wolverhampton
E00052595,E01010410,Wolverhampton 033A,E02002181,Wolverhampton 033,E08000031,Wolverhampton
E00052596,E01010413,Wolverhampton 033D,E02002181,Wolverhampton 033,E08000031,Wolverhampton
E00052597,E01010413,Wolverhampton 033D,E02002181,Wolverhampton 033,E08000031,Wolverhampton
E00052598,E01010411,Wolverhampton 033B,E02002181,Wolverhampton 033,E08000031,Wolverhampton
E00052599,E01010413,Wolverhampton 033D,E02002181,Wolverhampton 033,E08000031,Wolverhampton
E00052600,E01010413,Wolverhampton 033D,E02002181,Wolverhampton 033,E08000031,Wolverhampton
E00052601,E01010411,Wolverhampton 033B,E02002181,Wolverhampton 033,E08000031,Wolverhampton
E00052602,E01010415,Wolverhampton 027B,E02002175,Wolverhampton 027,E08000031,Wolverhampton
E00052603,E01010415,Wolverhampton 027B,E02002175,Wolverhampton 027,E08000031,Wolverhampton
E00052604,E01010415,Wolverhampton 027B,E02002175,Wolverhampton 027,E08000031,Wolverhampton
E00052605,E01010415,Wolverhampton 027B,E02002175,Wolverhampton 027,E08000031,Wolverhampton
E00052606,E01010416,Wolverhampton 027C,E02002175,Wolverhampton 027,E08000031,Wolverhampton
E00052607,E01010416,Wolverhampton 027C,E02002175,Wolverhampton 027,E08000031,Wolverhampton
E00052608,E01010414,Wolverhampton 027A,E02002175,Wolverhampton 027,E08000031,Wolverhampton
E00052609,E01010416,Wolverhampton 027C,E02002175,Wolverhampton 027,E08000031,Wolverhampton
E00052611,E01010416,Wolverhampton 027C,E02002175,Wolverhampton 027,E08000031,Wolverhampton
E00052612,E01010414,Wolverhampton 027A,E02002175,Wolverhampton 027,E08000031,Wolverhampton
E00052613,E01010416,Wolverhampton 027C,E02002175,Wolverhampton 027,E08000031,Wolverhampton
E00052614,E01010418,Wolverhampton 022A,E02002170,Wolverhampton 022,E08000031,Wolverhampton
E00052615,E01010417,Wolverhampton 023A,E02002171,Wolverhampton 023,E08000031,Wolverhampton
E00052616,E01010417,Wolverhampton 023A,E02002171,Wolverhampton 023,E08000031,Wolverhampton
E00052617,E01010419,Wolverhampton 023B,E02002171,Wolverhampton 023,E08000031,Wolverhampton
E00052618,E01010419,Wolverhampton 023B,E02002171,Wolverhampton 023,E08000031,Wolverhampton
E00052619,E01010423,Wolverhampton 022C,E02002170,Wolverhampton 022,E08000031,Wolverhampton
E00052620,E01010418,Wolverhampton 022A,E02002170,Wolverhampton 022,E08000031,Wolverhampton
E00052621,E01010424,Wolverhampton 022D,E02002170,Wolverhampton 022,E08000031,Wolverhampton
E00052622,E01010425,Wolverhampton 023D,E02002171,Wolverhampton 023,E08000031,Wolverhampton
E00052623,E01010421,Wolverhampton 022B,E02002170,Wolverhampton 022,E08000031,Wolverhampton
E00052624,E01010417,Wolverhampton 023A,E02002171,Wolverhampton 023,E08000031,Wolverhampton
E00052625,E01010418,Wolverhampton 022A,E02002170,Wolverhampton 022,E08000031,Wolverhampton
E00052626,E01010420,Wolverhampton 023C,E02002171,Wolverhampton 023,E08000031,Wolverhampton
E00052627,E01010420,Wolverhampton 023C,E02002171,Wolverhampton 023,E08000031,Wolverhampton
E00052628,E01010417,Wolverhampton 023A,E02002171,Wolverhampton 023,E08000031,Wolverhampton
E00052629,E01010420,Wolverhampton 023C,E02002171,Wolverhampton 023,E08000031,Wolverhampton
E00052630,E01010421,Wolverhampton 022B,E02002170,Wolverhampton 022,E08000031,Wolverhampton
E00052631,E01010422,Wolverhampton 027D,E02002175,Wolverhampton 027,E08000031,Wolverhampton
E00052632,E01010419,Wolverhampton 023B,E02002171,Wolverhampton 023,E08000031,Wolverhampton
E00052633,E01010422,Wolverhampton 027D,E02002175,Wolverhampton 027,E08000031,Wolverhampton
E00052634,E01010422,Wolverhampton 027D,E02002175,Wolverhampton 027,E08000031,Wolverhampton
E00052635,E01010421,Wolverhampton 022B,E02002170,Wolverhampton 022,E08000031,Wolverhampton
E00052636,E01010421,Wolverhampton 022B,E02002170,Wolverhampton 022,E08000031,Wolverhampton
E00052637,E01010421,Wolverhampton 022B,E02002170,Wolverhampton 022,E08000031,Wolverhampton
E00052638,E01010420,Wolverhampton 023C,E02002171,Wolverhampton 023,E08000031,Wolverhampton
E00052639,E01010422,Wolverhampton 027D,E02002175,Wolverhampton 027,E08000031,Wolverhampton
E00052640,E01010419,Wolverhampton 023B,E02002171,Wolverhampton 023,E08000031,Wolverhampton
E00052641,E01010422,Wolverhampton 027D,E02002175,Wolverhampton 027,E08000031,Wolverhampton
E00052642,E01010423,Wolverhampton 022C,E02002170,Wolverhampton 022,E08000031,Wolverhampton
E00052643,E01010423,Wolverhampton 022C,E02002170,Wolverhampton 022,E08000031,Wolverhampton
E00052644,E01010423,Wolverhampton 022C,E02002170,Wolverhampton 022,E08000031,Wolverhampton
E00052645,E01010425,Wolverhampton 023D,E02002171,Wolverhampton 023,E08000031,Wolverhampton
E00052646,E01010425,Wolverhampton 023D,E02002171,Wolverhampton 023,E08000031,Wolverhampton
E00052647,E01010423,Wolverhampton 022C,E02002170,Wolverhampton 022,E08000031,Wolverhampton
E00052648,E01010424,Wolverhampton 022D,E02002170,Wolverhampton 022,E08000031,Wolverhampton
E00052649,E01010423,Wolverhampton 022C,E02002170,Wolverhampton 022,E08000031,Wolverhampton
E00052650,E01010418,Wolverhampton 022A,E02002170,Wolverhampton 022,E08000031,Wolverhampton
E00052651,E01010417,Wolverhampton 023A,E02002171,Wolverhampton 023,E08000031,Wolverhampton
E00052652,E01010424,Wolverhampton 022D,E02002170,Wolverhampton 022,E08000031,Wolverhampton
E00052653,E01010425,Wolverhampton 023D,E02002171,Wolverhampton 023,E08000031,Wolverhampton
E00052654,E01010424,Wolverhampton 022D,E02002170,Wolverhampton 022,E08000031,Wolverhampton
E00052655,E01010418,Wolverhampton 022A,E02002170,Wolverhampton 022,E08000031,Wolverhampton
E00052656,E01010424,Wolverhampton 022D,E02002170,Wolverhampton 022,E08000031,Wolverhampton
E00052657,E01010429,Wolverhampton 035C,E02006894,Wolverhampton 035,E08000031,Wolverhampton
E00052658,E01010428,Wolverhampton 035B,E02006894,Wolverhampton 035,E08000031,Wolverhampton
E00052659,E01010429,Wolverhampton 035C,E02006894,Wolverhampton 035,E08000031,Wolverhampton
E00052660,E01010427,Wolverhampton 030A,E02002178,Wolverhampton 030,E08000031,Wolverhampton
E00052661,E01010432,Wolverhampton 030C,E02002178,Wolverhampton 030,E08000031,Wolverhampton
E00052662,E01010431,Wolverhampton 030B,E02002178,Wolverhampton 030,E08000031,Wolverhampton
E00052663,E01010432,Wolverhampton 030C,E02002178,Wolverhampton 030,E08000031,Wolverhampton
E00052664,E01010433,Wolverhampton 035E,E02006894,Wolverhampton 035,E08000031,Wolverhampton
E00052665,E01010426,Wolverhampton 035A,E02006894,Wolverhampton 035,E08000031,Wolverhampton
E00052668,E01010433,Wolverhampton 035E,E02006894,Wolverhampton 035,E08000031,Wolverhampton
E00052669,E01010426,Wolverhampton 035A,E02006894,Wolverhampton 035,E08000031,Wolverhampton
E00052670,E01010428,Wolverhampton 035B,E02006894,Wolverhampton 035,E08000031,Wolverhampton
E00052671,E01010428,Wolverhampton 035B,E02006894,Wolverhampton 035,E08000031,Wolverhampton
E00052673,E01010426,Wolverhampton 035A,E02006894,Wolverhampton 035,E08000031,Wolverhampton
E00052674,E01010430,Wolverhampton 035D,E02006894,Wolverhampton 035,E08000031,Wolverhampton
E00052675,E01010430,Wolverhampton 035D,E02006894,Wolverhampton 035,E08000031,Wolverhampton
E00052676,E01010427,Wolverhampton 030A,E02002178,Wolverhampton 030,E08000031,Wolverhampton
E00052677,E01010429,Wolverhampton 035C,E02006894,Wolverhampton 035,E08000031,Wolverhampton
E00052678,E01010428,Wolverhampton 035B,E02006894,Wolverhampton 035,E08000031,Wolverhampton
E00052679,E01010426,Wolverhampton 035A,E02006894,Wolverhampton 035,E08000031,Wolverhampton
E00052680,E01010427,Wolverhampton 030A,E02002178,Wolverhampton 030,E08000031,Wolverhampton
E00052681,E01010431,Wolverhampton 030B,E02002178,Wolverhampton 030,E08000031,Wolverhampton
E00052682,E01010427,Wolverhampton 030A,E02002178,Wolverhampton 030,E08000031,Wolverhampton
E00052683,E01010430,Wolverhampton 035D,E02006894,Wolverhampton 035,E08000031,Wolverhampton
E00052684,E01010431,Wolverhampton 030B,E02002178,Wolverhampton 030,E08000031,Wolverhampton
E00052685,E01010430,Wolverhampton 035D,E02006894,Wolverhampton 035,E08000031,Wolverhampton
E00052686,E01010431,Wolverhampton 030B,E02002178,Wolverhampton 030,E08000031,Wolverhampton
E00052687,E01010430,Wolverhampton 035D,E02006894,Wolverhampton 035,E08000031,Wolverhampton
E00052688,E01010432,Wolverhampton 030C,E02002178,Wolverhampton 030,E08000031,Wolverhampton
E00052689,E01010432,Wolverhampton 030C,E02002178,Wolverhampton 030,E08000031,Wolverhampton
E00052690,E01010438,Wolverhampton 001D,E02002149,Wolverhampton 001,E08000031,Wolverhampton
E00052691,E01010441,Wolverhampton 001G,E02002149,Wolverhampton 001,E08000031,Wolverhampton
E00052692,E01010434,Wolverhampton 001A,E02002149,Wolverhampton 001,E08000031,Wolverhampton
E00052693,E01010436,Wolverhampton 001B,E02002149,Wolverhampton 001,E08000031,Wolverhampton
E00052694,E01010439,Wolverhampton 001E,E02002149,Wolverhampton 001,E08000031,Wolverhampton
E00052695,E01010438,Wolverhampton 001D,E02002149,Wolverhampton 001,E08000031,Wolverhampton
E00052696,E01010439,Wolverhampton 001E,E02002149,Wolverhampton 001,E08000031,Wolverhampton
E00052697,E01010440,Wolverhampton 001F,E02002149,Wolverhampton 001,E08000031,Wolverhampton
E00052698,E01010440,Wolverhampton 001F,E02002149,Wolverhampton 001,E08000031,Wolverhampton
E00052699,E01010441,Wolverhampton 001G,E02002149,Wolverhampton 001,E08000031,Wolverhampton
E00052700,E01010440,Wolverhampton 001F,E02002149,Wolverhampton 001,E08000031,Wolverhampton
E00052701,E01010441,Wolverhampton 001G,E02002149,Wolverhampton 001,E08000031,Wolverhampton
E00052702,E01010434,Wolverhampton 001A,E02002149,Wolverhampton 001,E08000031,Wolverhampton
E00052703,E01010434,Wolverhampton 001A,E02002149,Wolverhampton 001,E08000031,Wolverhampton
E00052704,E01010441,Wolverhampton 001G,E02002149,Wolverhampton 001,E08000031,Wolverhampton
E00052705,E01010435,Wolverhampton 006A,E02002154,Wolverhampton 006,E08000031,Wolverhampton
E00052706,E01010434,Wolverhampton 001A,E02002149,Wolverhampton 001,E08000031,Wolverhampton
E00052707,E01010434,Wolverhampton 001A,E02002149,Wolverhampton 001,E08000031,Wolverhampton
E00052708,E01010435,Wolverhampton 006A,E02002154,Wolverhampton 006,E08000031,Wolverhampton
E00052709,E01010435,Wolverhampton 006A,E02002154,Wolverhampton 006,E08000031,Wolverhampton
E00052710,E01010435,Wolverhampton 006A,E02002154,Wolverhampton 006,E08000031,Wolverhampton
E00052711,E01010436,Wolverhampton 001B,E02002149,Wolverhampton 001,E08000031,Wolverhampton
E00052712,E01010436,Wolverhampton 001B,E02002149,Wolverhampton 001,E08000031,Wolverhampton
E00052713,E01010437,Wolverhampton 001C,E02002149,Wolverhampton 001,E08000031,Wolverhampton
E00052714,E01010437,Wolverhampton 001C,E02002149,Wolverhampton 001,E08000031,Wolverhampton
E00052715,E01010437,Wolverhampton 001C,E02002149,Wolverhampton 001,E08000031,Wolverhampton
E00052716,E01010436,Wolverhampton 001B,E02002149,Wolverhampton 001,E08000031,Wolverhampton
E00052717,E01010436,Wolverhampton 001B,E02002149,Wolverhampton 001,E08000031,Wolverhampton
E00052718,E01010437,Wolverhampton 001C,E02002149,Wolverhampton 001,E08000031,Wolverhampton
E00052719,E01010438,Wolverhampton 001D,E02002149,Wolverhampton 001,E08000031,Wolverhampton
E00052720,E01010438,Wolverhampton 001D,E02002149,Wolverhampton 001,E08000031,Wolverhampton
E00052721,E01010439,Wolverhampton 001E,E02002149,Wolverhampton 001,E08000031,Wolverhampton
E00052722,E01010439,Wolverhampton 001E,E02002149,Wolverhampton 001,E08000031,Wolverhampton
E00052723,E01010440,Wolverhampton 001F,E02002149,Wolverhampton 001,E08000031,Wolverhampton
E00052724,E01010438,Wolverhampton 001D,E02002149,Wolverhampton 001,E08000031,Wolverhampton
E00052725,E01010440,Wolverhampton 001F,E02002149,Wolverhampton 001,E08000031,Wolverhampton
E00052726,E01010447,Wolverhampton 018E,E02002166,Wolverhampton 018,E08000031,Wolverhampton
E00052727,E01010446,Wolverhampton 023E,E02002171,Wolverhampton 023,E08000031,Wolverhampton
E00052728,E01010446,Wolverhampton 023E,E02002171,Wolverhampton 023,E08000031,Wolverhampton
E00052729,E01010448,Wolverhampton 018F,E02002166,Wolverhampton 018,E08000031,Wolverhampton
E00052730,E01010442,Wolverhampton 018A,E02002166,Wolverhampton 018,E08000031,Wolverhampton
E00052731,E01010444,Wolverhampton 018C,E02002166,Wolverhampton 018,E08000031,Wolverhampton
E00052732,E01010445,Wolverhampton 018D,E02002166,Wolverhampton 018,E08000031,Wolverhampton
E00052733,E01010444,Wolverhampton 018C,E02002166,Wolverhampton 018,E08000031,Wolverhampton
E00052734,E01010444,Wolverhampton 018C,E02002166,Wolverhampton 018,E08000031,Wolverhampton
E00052735,E01010445,Wolverhampton 018D,E02002166,Wolverhampton 018,E08000031,Wolverhampton
E00052736,E01010444,Wolverhampton 018C,E02002166,Wolverhampton 018,E08000031,Wolverhampton
E00052737,E01010446,Wolverhampton 023E,E02002171,Wolverhampton 023,E08000031,Wolverhampton
E00052738,E01010447,Wolverhampton 018E,E02002166,Wolverhampton 018,E08000031,Wolverhampton
E00052739,E01010444,Wolverhampton 018C,E02002166,Wolverhampton 018,E08000031,Wolverhampton
E00052740,E01010445,Wolverhampton 018D,E02002166,Wolverhampton 018,E08000031,Wolverhampton
E00052741,E01010443,Wolverhampton 018B,E02002166,Wolverhampton 018,E08000031,Wolverhampton
E00052742,E01010445,Wolverhampton 018D,E02002166,Wolverhampton 018,E08000031,Wolverhampton
E00052743,E01010447,Wolverhampton 018E,E02002166,Wolverhampton 018,E08000031,Wolverhampton
E00052744,E01010447,Wolverhampton 018E,E02002166,Wolverhampton 018,E08000031,Wolverhampton
E00052745,E01010443,Wolverhampton 018B,E02002166,Wolverhampton 018,E08000031,Wolverhampton
E00052746,E01010447,Wolverhampton 018E,E02002166,Wolverhampton 018,E08000031,Wolverhampton
E00052747,E01010447,Wolverhampton 018E,E02002166,Wolverhampton 018,E08000031,Wolverhampton
E00052748,E01010443,Wolverhampton 018B,E02002166,Wolverhampton 018,E08000031,Wolverhampton
E00052749,E01010446,Wolverhampton 023E,E02002171,Wolverhampton 023,E08000031,Wolverhampton
E00052750,E01010443,Wolverhampton 018B,E02002166,Wolverhampton 018,E08000031,Wolverhampton
E00052751,E01010443,Wolverhampton 018B,E02002166,Wolverhampton 018,E08000031,Wolverhampton
E00052752,E01010448,Wolverhampton 018F,E02002166,Wolverhampton 018,E08000031,Wolverhampton
E00052753,E01010448,Wolverhampton 018F,E02002166,Wolverhampton 018,E08000031,Wolverhampton
E00052754,E01010448,Wolverhampton 018F,E02002166,Wolverhampton 018,E08000031,Wolverhampton
E00052755,E01010448,Wolverhampton 018F,E02002166,Wolverhampton 018,E08000031,Wolverhampton
E00052756,E01010448,Wolverhampton 018F,E02002166,Wolverhampton 018,E08000031,Wolverhampton
E00052757,E01010446,Wolverhampton 023E,E02002171,Wolverhampton 023,E08000031,Wolverhampton
E00052758,E01010442,Wolverhampton 018A,E02002166,Wolverhampton 018,E08000031,Wolverhampton
E00052759,E01010442,Wolverhampton 018A,E02002166,Wolverhampton 018,E08000031,Wolverhampton
E00052760,E01010442,Wolverhampton 018A,E02002166,Wolverhampton 018,E08000031,Wolverhampton
E00052761,E01010451,Wolverhampton 029C,E02002177,Wolverhampton 029,E08000031,Wolverhampton
E00052762,E01010453,Wolverhampton 035F,E02006894,Wolverhampton 035,E08000031,Wolverhampton
E00052763,E01010455,Wolverhampton 029E,E02002177,Wolverhampton 029,E08000031,Wolverhampton
E00052764,E01010452,Wolverhampton 029D,E02002177,Wolverhampton 029,E08000031,Wolverhampton
E00052765,E01010455,Wolverhampton 029E,E02002177,Wolverhampton 029,E08000031,Wolverhampton
E00052766,E01010450,Wolverhampton 029B,E02002177,Wolverhampton 029,E08000031,Wolverhampton
E00052767,E01010455,Wolverhampton 029E,E02002177,Wolverhampton 029,E08000031,Wolverhampton
E00052768,E01010452,Wolverhampton 029D,E02002177,Wolverhampton 029,E08000031,Wolverhampton
E00052769,E01010453,Wolverhampton 035F,E02006894,Wolverhampton 035,E08000031,Wolverhampton
E00052770,E01010453,Wolverhampton 035F,E02006894,Wolverhampton 035,E08000031,Wolverhampton
E00052771,E01010455,Wolverhampton 029E,E02002177,Wolverhampton 029,E08000031,Wolverhampton
E00052772,E01010453,Wolverhampton 035F,E02006894,Wolverhampton 035,E08000031,Wolverhampton
E00052773,E01010455,Wolverhampton 029E,E02002177,Wolverhampton 029,E08000031,Wolverhampton
E00052774,E01010452,Wolverhampton 029D,E02002177,Wolverhampton 029,E08000031,Wolverhampton
E00052775,E01010449,Wolverhampton 029A,E02002177,Wolverhampton 029,E08000031,Wolverhampton
E00052776,E01010450,Wolverhampton 029B,E02002177,Wolverhampton 029,E08000031,Wolverhampton
E00052777,E01010449,Wolverhampton 029A,E02002177,Wolverhampton 029,E08000031,Wolverhampton
E00052778,E01010449,Wolverhampton 029A,E02002177,Wolverhampton 029,E08000031,Wolverhampton
E00052779,E01010450,Wolverhampton 029B,E02002177,Wolverhampton 029,E08000031,Wolverhampton
E00052780,E01010452,Wolverhampton 029D,E02002177,Wolverhampton 029,E08000031,Wolverhampton
E00052781,E01010450,Wolverhampton 029B,E02002177,Wolverhampton 029,E08000031,Wolverhampton
E00052782,E01010449,Wolverhampton 029A,E02002177,Wolverhampton 029,E08000031,Wolverhampton
E00052784,E01010451,Wolverhampton 029C,E02002177,Wolverhampton 029,E08000031,Wolverhampton
E00052785,E01010450,Wolverhampton 029B,E02002177,Wolverhampton 029,E08000031,Wolverhampton
E00052786,E01010450,Wolverhampton 029B,E02002177,Wolverhampton 029,E08000031,Wolverhampton
E00052787,E01010451,Wolverhampton 029C,E02002177,Wolverhampton 029,E08000031,Wolverhampton
E00052788,E01010451,Wolverhampton 029C,E02002177,Wolverhampton 029,E08000031,Wolverhampton
E00052789,E01010453,Wolverhampton 035F,E02006894,Wolverhampton 035,E08000031,Wolverhampton
E00052790,E01010454,Wolverhampton 035G,E02006894,Wolverhampton 035,E08000031,Wolverhampton
E00052791,E01010454,Wolverhampton 035G,E02006894,Wolverhampton 035,E08000031,Wolverhampton
E00052792,E01010454,Wolverhampton 035G,E02006894,Wolverhampton 035,E08000031,Wolverhampton
E00052793,E01010454,Wolverhampton 035G,E02006894,Wolverhampton 035,E08000031,Wolverhampton
E00052794,E01010454,Wolverhampton 035G,E02006894,Wolverhampton 035,E08000031,Wolverhampton
E00052795,E01010455,Wolverhampton 029E,E02002177,Wolverhampton 029,E08000031,Wolverhampton
E00052796,E01010452,Wolverhampton 029D,E02002177,Wolverhampton 029,E08000031,Wolverhampton
E00052797,E01010462,Wolverhampton 004C,E02002152,Wolverhampton 004,E08000031,Wolverhampton
E00052798,E01010457,Wolverhampton 004B,E02002152,Wolverhampton 004,E08000031,Wolverhampton
E00052799,E01010459,Wolverhampton 008B,E02002156,Wolverhampton 008,E08000031,Wolverhampton
E00052800,E01010457,Wolverhampton 004B,E02002152,Wolverhampton 004,E08000031,Wolverhampton
E00052801,E01010457,Wolverhampton 004B,E02002152,Wolverhampton 004,E08000031,Wolverhampton
E00052802,E01010457,Wolverhampton 004B,E02002152,Wolverhampton 004,E08000031,Wolverhampton
E00052803,E01010456,Wolverhampton 004A,E02002152,Wolverhampton 004,E08000031,Wolverhampton
E00052804,E01010458,Wolverhampton 008A,E02002156,Wolverhampton 008,E08000031,Wolverhampton
E00052805,E01010456,Wolverhampton 004A,E02002152,Wolverhampton 004,E08000031,Wolverhampton
E00052806,E01010459,Wolverhampton 008B,E02002156,Wolverhampton 008,E08000031,Wolverhampton
E00052807,E01010458,Wolverhampton 008A,E02002156,Wolverhampton 008,E08000031,Wolverhampton
E00052808,E01010459,Wolverhampton 008B,E02002156,Wolverhampton 008,E08000031,Wolverhampton
E00052809,E01010459,Wolverhampton 008B,E02002156,Wolverhampton 008,E08000031,Wolverhampton
E00052810,E01010458,Wolverhampton 008A,E02002156,Wolverhampton 008,E08000031,Wolverhampton
E00052811,E01010458,Wolverhampton 008A,E02002156,Wolverhampton 008,E08000031,Wolverhampton
E00052812,E01010461,Wolverhampton 008D,E02002156,Wolverhampton 008,E08000031,Wolverhampton
E00052813,E01010459,Wolverhampton 008B,E02002156,Wolverhampton 008,E08000031,Wolverhampton
E00052814,E01010458,Wolverhampton 008A,E02002156,Wolverhampton 008,E08000031,Wolverhampton
E00052815,E01010458,Wolverhampton 008A,E02002156,Wolverhampton 008,E08000031,Wolverhampton
E00052816,E01010461,Wolverhampton 008D,E02002156,Wolverhampton 008,E08000031,Wolverhampton
E00052817,E01010460,Wolverhampton 008C,E02002156,Wolverhampton 008,E08000031,Wolverhampton
E00052818,E01010460,Wolverhampton 008C,E02002156,Wolverhampton 008,E08000031,Wolverhampton
E00052819,E01010461,Wolverhampton 008D,E02002156,Wolverhampton 008,E08000031,Wolverhampton
E00052820,E01010461,Wolverhampton 008D,E02002156,Wolverhampton 008,E08000031,Wolverhampton
E00052821,E01010461,Wolverhampton 008D,E02002156,Wolverhampton 008,E08000031,Wolverhampton
E00052822,E01010460,Wolverhampton 008C,E02002156,Wolverhampton 008,E08000031,Wolverhampton
E00052823,E01010460,Wolverhampton 008C,E02002156,Wolverhampton 008,E08000031,Wolverhampton
E00052824,E01010460,Wolverhampton 008C,E02002156,Wolverhampton 008,E08000031,Wolverhampton
E00052825,E01010462,Wolverhampton 004C,E02002152,Wolverhampton 004,E08000031,Wolverhampton
E00052826,E01010462,Wolverhampton 004C,E02002152,Wolverhampton 004,E08000031,Wolverhampton
E00052827,E01010457,Wolverhampton 004B,E02002152,Wolverhampton 004,E08000031,Wolverhampton
E00052828,E01010462,Wolverhampton 004C,E02002152,Wolverhampton 004,E08000031,Wolverhampton
E00052829,E01010456,Wolverhampton 004A,E02002152,Wolverhampton 004,E08000031,Wolverhampton
E00052830,E01010462,Wolverhampton 004C,E02002152,Wolverhampton 004,E08000031,Wolverhampton
E00052831,E01010456,Wolverhampton 004A,E02002152,Wolverhampton 004,E08000031,Wolverhampton
E00052832,E01010466,Wolverhampton 020D,E02002168,Wolverhampton 020,E08000031,Wolverhampton
E00052833,E01010469,Wolverhampton 026C,E02002174,Wolverhampton 026,E08000031,Wolverhampton
E00052834,E01010464,Wolverhampton 020B,E02002168,Wolverhampton 020,E08000031,Wolverhampton
E00052835,E01010470,Wolverhampton 020E,E02002168,Wolverhampton 020,E08000031,Wolverhampton
E00052836,E01010463,Wolverhampton 020A,E02002168,Wolverhampton 020,E08000031,Wolverhampton
E00052837,E01010465,Wolverhampton 020C,E02002168,Wolverhampton 020,E08000031,Wolverhampton
E00052838,E01010465,Wolverhampton 020C,E02002168,Wolverhampton 020,E08000031,Wolverhampton
E00052839,E01010466,Wolverhampton 020D,E02002168,Wolverhampton 020,E08000031,Wolverhampton
E00052840,E01010465,Wolverhampton 020C,E02002168,Wolverhampton 020,E08000031,Wolverhampton
E00052841,E01010465,Wolverhampton 020C,E02002168,Wolverhampton 020,E08000031,Wolverhampton
E00052842,E01010466,Wolverhampton 020D,E02002168,Wolverhampton 020,E08000031,Wolverhampton
E00052843,E01010466,Wolverhampton 020D,E02002168,Wolverhampton 020,E08000031,Wolverhampton
E00052844,E01010465,Wolverhampton 020C,E02002168,Wolverhampton 020,E08000031,Wolverhampton
E00052845,E01010468,Wolverhampton 026B,E02002174,Wolverhampton 026,E08000031,Wolverhampton
E00052846,E01010468,Wolverhampton 026B,E02002174,Wolverhampton 026,E08000031,Wolverhampton
E00052847,E01010463,Wolverhampton 020A,E02002168,Wolverhampton 020,E08000031,Wolverhampton
E00052848,E01010463,Wolverhampton 020A,E02002168,Wolverhampton 020,E08000031,Wolverhampton
E00052849,E01010469,Wolverhampton 026C,E02002174,Wolverhampton 026,E08000031,Wolverhampton
E00052850,E01010468,Wolverhampton 026B,E02002174,Wolverhampton 026,E08000031,Wolverhampton
E00052851,E01010469,Wolverhampton 026C,E02002174,Wolverhampton 026,E08000031,Wolverhampton
E00052852,E01010467,Wolverhampton 026A,E02002174,Wolverhampton 026,E08000031,Wolverhampton
E00052853,E01010467,Wolverhampton 026A,E02002174,Wolverhampton 026,E08000031,Wolverhampton
E00052854,E01010469,Wolverhampton 026C,E02002174,Wolverhampton 026,E08000031,Wolverhampton
E00052855,E01010467,Wolverhampton 026A,E02002174,Wolverhampton 026,E08000031,Wolverhampton
E00052856,E01010468,Wolverhampton 026B,E02002174,Wolverhampton 026,E08000031,Wolverhampton
E00052857,E01010467,Wolverhampton 026A,E02002174,Wolverhampton 026,E08000031,Wolverhampton
E00052858,E01010469,Wolverhampton 026C,E02002174,Wolverhampton 026,E08000031,Wolverhampton
E00052859,E01010467,Wolverhampton 026A,E02002174,Wolverhampton 026,E08000031,Wolverhampton
E00052860,E01010464,Wolverhampton 020B,E02002168,Wolverhampton 020,E08000031,Wolverhampton
E00052861,E01010464,Wolverhampton 020B,E02002168,Wolverhampton 020,E08000031,Wolverhampton
E00052862,E01010470,Wolverhampton 020E,E02002168,Wolverhampton 020,E08000031,Wolverhampton
E00052863,E01010470,Wolverhampton 020E,E02002168,Wolverhampton 020,E08000031,Wolverhampton
E00052864,E01010464,Wolverhampton 020B,E02002168,Wolverhampton 020,E08000031,Wolverhampton
E00052865,E01010470,Wolverhampton 020E,E02002168,Wolverhampton 020,E08000031,Wolverhampton
E00052866,E01010464,Wolverhampton 020B,E02002168,Wolverhampton 020,E08000031,Wolverhampton
E00052867,E01010470,Wolverhampton 020E,E02002168,Wolverhampton 020,E08000031,Wolverhampton
E00052868,E01010463,Wolverhampton 020A,E02002168,Wolverhampton 020,E08000031,Wolverhampton
E00052869,E01010464,Wolverhampton 020B,E02002168,Wolverhampton 020,E08000031,Wolverhampton
E00052870,E01010468,Wolverhampton 026B,E02002174,Wolverhampton 026,E08000031,Wolverhampton
E00052871,E01010463,Wolverhampton 020A,E02002168,Wolverhampton 020,E08000031,Wolverhampton
E00052872,E01010471,Wolverhampton 015A,E02002163,Wolverhampton 015,E08000031,Wolverhampton
E00052873,E01010472,Wolverhampton 015B,E02002163,Wolverhampton 015,E08000031,Wolverhampton
E00052874,E01010471,Wolverhampton 015A,E02002163,Wolverhampton 015,E08000031,Wolverhampton
E00052875,E01010474,Wolverhampton 012A,E02002160,Wolverhampton 012,E08000031,Wolverhampton
E00052876,E01010474,Wolverhampton 012A,E02002160,Wolverhampton 012,E08000031,Wolverhampton
E00052877,E01010475,Wolverhampton 015D,E02002163,Wolverhampton 015,E08000031,Wolverhampton
E00052878,E01010475,Wolverhampton 015D,E02002163,Wolverhampton 015,E08000031,Wolverhampton
E00052879,E01010477,Wolverhampton 015F,E02002163,Wolverhampton 015,E08000031,Wolverhampton
E00052880,E01010476,Wolverhampton 015E,E02002163,Wolverhampton 015,E08000031,Wolverhampton
E00052881,E01010475,Wolverhampton 015D,E02002163,Wolverhampton 015,E08000031,Wolverhampton
E00052882,E01010474,Wolverhampton 012A,E02002160,Wolverhampton 012,E08000031,Wolverhampton
E00052883,E01010471,Wolverhampton 015A,E02002163,Wolverhampton 015,E08000031,Wolverhampton
E00052884,E01010476,Wolverhampton 015E,E02002163,Wolverhampton 015,E08000031,Wolverhampton
E00052885,E01010477,Wolverhampton 015F,E02002163,Wolverhampton 015,E08000031,Wolverhampton
E00052886,E01010477,Wolverhampton 015F,E02002163,Wolverhampton 015,E08000031,Wolverhampton
E00052887,E01010476,Wolverhampton 015E,E02002163,Wolverhampton 015,E08000031,Wolverhampton
E00052888,E01010476,Wolverhampton 015E,E02002163,Wolverhampton 015,E08000031,Wolverhampton
E00052889,E01010477,Wolverhampton 015F,E02002163,Wolverhampton 015,E08000031,Wolverhampton
E00052890,E01010476,Wolverhampton 015E,E02002163,Wolverhampton 015,E08000031,Wolverhampton
E00052891,E01010476,Wolverhampton 015E,E02002163,Wolverhampton 015,E08000031,Wolverhampton
E00052892,E01010477,Wolverhampton 015F,E02002163,Wolverhampton 015,E08000031,Wolverhampton
E00052893,E01010471,Wolverhampton 015A,E02002163,Wolverhampton 015,E08000031,Wolverhampton
E00052894,E01010471,Wolverhampton 015A,E02002163,Wolverhampton 015,E08000031,Wolverhampton
E00052895,E01010476,Wolverhampton 015E,E02002163,Wolverhampton 015,E08000031,Wolverhampton
E00052896,E01010472,Wolverhampton 015B,E02002163,Wolverhampton 015,E08000031,Wolverhampton
E00052897,E01010471,Wolverhampton 015A,E02002163,Wolverhampton 015,E08000031,Wolverhampton
E00052898,E01010472,Wolverhampton 015B,E02002163,Wolverhampton 015,E08000031,Wolverhampton
E00052899,E01010473,Wolverhampton 015C,E02002163,Wolverhampton 015,E08000031,Wolverhampton
E00052900,E01010473,Wolverhampton 015C,E02002163,Wolverhampton 015,E08000031,Wolverhampton
E00052901,E01010472,Wolverhampton 015B,E02002163,Wolverhampton 015,E08000031,Wolverhampton
E00052902,E01010472,Wolverhampton 015B,E02002163,Wolverhampton 015,E08000031,Wolverhampton
E00052903,E01010473,Wolverhampton 015C,E02002163,Wolverhampton 015,E08000031,Wolverhampton
E00052904,E01010473,Wolverhampton 015C,E02002163,Wolverhampton 015,E08000031,Wolverhampton
E00052905,E01010473,Wolverhampton 015C,E02002163,Wolverhampton 015,E08000031,Wolverhampton
E00052906,E01010473,Wolverhampton 015C,E02002163,Wolverhampton 015,E08000031,Wolverhampton
E00052907,E01010475,Wolverhampton 015D,E02002163,Wolverhampton 015,E08000031,Wolverhampton
E00052908,E01010474,Wolverhampton 012A,E02002160,Wolverhampton 012,E08000031,Wolverhampton
E00052909,E01010474,Wolverhampton 012A,E02002160,Wolverhampton 012,E08000031,Wolverhampton
E00052910,E01010475,Wolverhampton 015D,E02002163,Wolverhampton 015,E08000031,Wolverhampton
E00052911,E01010478,Wolverhampton 011A,E02002159,Wolverhampton 011,E08000031,Wolverhampton
E00052912,E01010481,Wolverhampton 004D,E02002152,Wolverhampton 004,E08000031,Wolverhampton
E00052913,E01010479,Wolverhampton 011B,E02002159,Wolverhampton 011,E08000031,Wolverhampton
E00052914,E01010480,Wolverhampton 011C,E02002159,Wolverhampton 011,E08000031,Wolverhampton
E00052915,E01010478,Wolverhampton 011A,E02002159,Wolverhampton 011,E08000031,Wolverhampton
E00052916,E01010478,Wolverhampton 011A,E02002159,Wolverhampton 011,E08000031,Wolverhampton
E00052917,E01010481,Wolverhampton 004D,E02002152,Wolverhampton 004,E08000031,Wolverhampton
E00052918,E01010482,Wolverhampton 007A,E02002155,Wolverhampton 007,E08000031,Wolverhampton
E00052919,E01010482,Wolverhampton 007A,E02002155,Wolverhampton 007,E08000031,Wolverhampton
E00052920,E01010483,Wolverhampton 007B,E02002155,Wolverhampton 007,E08000031,Wolverhampton
E00052921,E01010482,Wolverhampton 007A,E02002155,Wolverhampton 007,E08000031,Wolverhampton
E00052922,E01010482,Wolverhampton 007A,E02002155,Wolverhampton 007,E08000031,Wolverhampton
E00052923,E01010483,Wolverhampton 007B,E02002155,Wolverhampton 007,E08000031,Wolverhampton
E00052924,E01010483,Wolverhampton 007B,E02002155,Wolverhampton 007,E08000031,Wolverhampton
E00052925,E01010484,Wolverhampton 007C,E02002155,Wolverhampton 007,E08000031,Wolverhampton
E00052926,E01010483,Wolverhampton 007B,E02002155,Wolverhampton 007,E08000031,Wolverhampton
E00052927,E01010481,Wolverhampton 004D,E02002152,Wolverhampton 004,E08000031,Wolverhampton
E00052928,E01010481,Wolverhampton 004D,E02002152,Wolverhampton 004,E08000031,Wolverhampton
E00052929,E01010484,Wolverhampton 007C,E02002155,Wolverhampton 007,E08000031,Wolverhampton
E00052930,E01010485,Wolverhampton 007D,E02002155,Wolverhampton 007,E08000031,Wolverhampton
E00052931,E01010484,Wolverhampton 007C,E02002155,Wolverhampton 007,E08000031,Wolverhampton
E00052932,E01010484,Wolverhampton 007C,E02002155,Wolverhampton 007,E08000031,Wolverhampton
E00052933,E01010485,Wolverhampton 007D,E02002155,Wolverhampton 007,E08000031,Wolverhampton
E00052934,E01010486,Wolverhampton 011D,E02002159,Wolverhampton 011,E08000031,Wolverhampton
E00052935,E01010486,Wolverhampton 011D,E02002159,Wolverhampton 011,E08000031,Wolverhampton
E00052936,E01010479,Wolverhampton 011B,E02002159,Wolverhampton 011,E08000031,Wolverhampton
E00052937,E01010479,Wolverhampton 011B,E02002159,Wolverhampton 011,E08000031,Wolverhampton
E00052938,E01010486,Wolverhampton 011D,E02002159,Wolverhampton 011,E08000031,Wolverhampton
E00052939,E01010479,Wolverhampton 011B,E02002159,Wolverhampton 011,E08000031,Wolverhampton
E00052940,E01010485,Wolverhampton 007D,E02002155,Wolverhampton 007,E08000031,Wolverhampton
E00052941,E01010486,Wolverhampton 011D,E02002159,Wolverhampton 011,E08000031,Wolverhampton
E00052943,E01010486,Wolverhampton 011D,E02002159,Wolverhampton 011,E08000031,Wolverhampton
E00052944,E01010480,Wolverhampton 011C,E02002159,Wolverhampton 011,E08000031,Wolverhampton
E00052945,E01010478,Wolverhampton 011A,E02002159,Wolverhampton 011,E08000031,Wolverhampton
E00052946,E01010480,Wolverhampton 011C,E02002159,Wolverhampton 011,E08000031,Wolverhampton
E00052947,E01010480,Wolverhampton 011C,E02002159,Wolverhampton 011,E08000031,Wolverhampton
E00052948,E01010493,Wolverhampton 021C,E02002169,Wolverhampton 021,E08000031,Wolverhampton
E00052949,E01010494,Wolverhampton 028E,E02002176,Wolverhampton 028,E08000031,Wolverhampton
E00052950,E01010488,Wolverhampton 021B,E02002169,Wolverhampton 021,E08000031,Wolverhampton
E00052951,E01010488,Wolverhampton 021B,E02002169,Wolverhampton 021,E08000031,Wolverhampton
E00052952,E01010490,Wolverhampton 028B,E02002176,Wolverhampton 028,E08000031,Wolverhampton
E00052953,E01010491,Wolverhampton 028C,E02002176,Wolverhampton 028,E08000031,Wolverhampton
E00052954,E01010491,Wolverhampton 028C,E02002176,Wolverhampton 028,E08000031,Wolverhampton
E00052955,E01010492,Wolverhampton 028D,E02002176,Wolverhampton 028,E08000031,Wolverhampton
E00052956,E01010492,Wolverhampton 028D,E02002176,Wolverhampton 028,E08000031,Wolverhampton
E00052957,E01010492,Wolverhampton 028D,E02002176,Wolverhampton 028,E08000031,Wolverhampton
E00052958,E01010492,Wolverhampton 028D,E02002176,Wolverhampton 028,E08000031,Wolverhampton
E00052959,E01010493,Wolverhampton 021C,E02002169,Wolverhampton 021,E08000031,Wolverhampton
E00052960,E01010493,Wolverhampton 021C,E02002169,Wolverhampton 021,E08000031,Wolverhampton
E00052961,E01010493,Wolverhampton 021C,E02002169,Wolverhampton 021,E08000031,Wolverhampton
E00052962,E01010494,Wolverhampton 028E,E02002176,Wolverhampton 028,E08000031,Wolverhampton
E00052963,E01010493,Wolverhampton 021C,E02002169,Wolverhampton 021,E08000031,Wolverhampton
E00052964,E01010487,Wolverhampton 021A,E02002169,Wolverhampton 021,E08000031,Wolverhampton
E00052965,E01010494,Wolverhampton 028E,E02002176,Wolverhampton 028,E08000031,Wolverhampton
E00052966,E01010494,Wolverhampton 028E,E02002176,Wolverhampton 028,E08000031,Wolverhampton
E00052967,E01010488,Wolverhampton 021B,E02002169,Wolverhampton 021,E08000031,Wolverhampton
E00052968,E01010488,Wolverhampton 021B,E02002169,Wolverhampton 021,E08000031,Wolverhampton
E00052969,E01010494,Wolverhampton 028E,E02002176,Wolverhampton 028,E08000031,Wolverhampton
E00052970,E01010487,Wolverhampton 021A,E02002169,Wolverhampton 021,E08000031,Wolverhampton
E00052971,E01010487,Wolverhampton 021A,E02002169,Wolverhampton 021,E08000031,Wolverhampton
E00052972,E01010487,Wolverhampton 021A,E02002169,Wolverhampton 021,E08000031,Wolverhampton
E00052973,E01010489,Wolverhampton 028A,E02002176,Wolverhampton 028,E08000031,Wolverhampton
E00052974,E01010487,Wolverhampton 021A,E02002169,Wolverhampton 021,E08000031,Wolverhampton
E00052975,E01010488,Wolverhampton 021B,E02002169,Wolverhampton 021,E08000031,Wolverhampton
E00052976,E01010489,Wolverhampton 028A,E02002176,Wolverhampton 028,E08000031,Wolverhampton
E00052977,E01010490,Wolverhampton 028B,E02002176,Wolverhampton 028,E08000031,Wolverhampton
E00052978,E01010489,Wolverhampton 028A,E02002176,Wolverhampton 028,E08000031,Wolverhampton
E00052979,E01010490,Wolverhampton 028B,E02002176,Wolverhampton 028,E08000031,Wolverhampton
E00052980,E01010489,Wolverhampton 028A,E02002176,Wolverhampton 028,E08000031,Wolverhampton
E00052981,E01010490,Wolverhampton 028B,E02002176,Wolverhampton 028,E08000031,Wolverhampton
E00052982,E01010490,Wolverhampton 028B,E02002176,Wolverhampton 028,E08000031,Wolverhampton
E00052983,E01010489,Wolverhampton 028A,E02002176,Wolverhampton 028,E08000031,Wolverhampton
E00052984,E01010490,Wolverhampton 028B,E02002176,Wolverhampton 028,E08000031,Wolverhampton
E00052985,E01010490,Wolverhampton 028B,E02002176,Wolverhampton 028,E08000031,Wolverhampton
E00052986,E01010491,Wolverhampton 028C,E02002176,Wolverhampton 028,E08000031,Wolverhampton
E00052987,E01010491,Wolverhampton 028C,E02002176,Wolverhampton 028,E08000031,Wolverhampton
E00052988,E01010491,Wolverhampton 028C,E02002176,Wolverhampton 028,E08000031,Wolverhampton
E00052989,E01010498,Wolverhampton 003B,E02002151,Wolverhampton 003,E08000031,Wolverhampton
E00052990,E01010496,Wolverhampton 003A,E02002151,Wolverhampton 003,E08000031,Wolverhampton
E00052991,E01010500,Wolverhampton 002D,E02002150,Wolverhampton 002,E08000031,Wolverhampton
E00052992,E01010501,Wolverhampton 006B,E02002154,Wolverhampton 006,E08000031,Wolverhampton
E00052993,E01010497,Wolverhampton 002B,E02002150,Wolverhampton 002,E08000031,Wolverhampton
E00052994,E01010495,Wolverhampton 002A,E02002150,Wolverhampton 002,E08000031,Wolverhampton
E00052995,E01010496,Wolverhampton 003A,E02002151,Wolverhampton 003,E08000031,Wolverhampton
E00052996,E01010499,Wolverhampton 002C,E02002150,Wolverhampton 002,E08000031,Wolverhampton
E00052997,E01010498,Wolverhampton 003B,E02002151,Wolverhampton 003,E08000031,Wolverhampton
E00052998,E01010501,Wolverhampton 006B,E02002154,Wolverhampton 006,E08000031,Wolverhampton
E00052999,E01010499,Wolverhampton 002C,E02002150,Wolverhampton 002,E08000031,Wolverhampton
E00053000,E01010496,Wolverhampton 003A,E02002151,Wolverhampton 003,E08000031,Wolverhampton
E00053001,E01010497,Wolverhampton 002B,E02002150,Wolverhampton 002,E08000031,Wolverhampton
E00053002,E01010498,Wolverhampton 003B,E02002151,Wolverhampton 003,E08000031,Wolverhampton
E00053003,E01010495,Wolverhampton 002A,E02002150,Wolverhampton 002,E08000031,Wolverhampton
E00053004,E01010496,Wolverhampton 003A,E02002151,Wolverhampton 003,E08000031,Wolverhampton
E00053005,E01010500,Wolverhampton 002D,E02002150,Wolverhampton 002,E08000031,Wolverhampton
E00053006,E01010498,Wolverhampton 003B,E02002151,Wolverhampton 003,E08000031,Wolverhampton
E00053007,E01010500,Wolverhampton 002D,E02002150,Wolverhampton 002,E08000031,Wolverhampton
E00053008,E01010498,Wolverhampton 003B,E02002151,Wolverhampton 003,E08000031,Wolverhampton
E00053009,E01010499,Wolverhampton 002C,E02002150,Wolverhampton 002,E08000031,Wolverhampton
E00053010,E01010500,Wolverhampton 002D,E02002150,Wolverhampton 002,E08000031,Wolverhampton
E00053011,E01010502,Wolverhampton 006C,E02002154,Wolverhampton 006,E08000031,Wolverhampton
E00053012,E01010501,Wolverhampton 006B,E02002154,Wolverhampton 006,E08000031,Wolverhampton
E00053013,E01010501,Wolverhampton 006B,E02002154,Wolverhampton 006,E08000031,Wolverhampton
E00053014,E01010502,Wolverhampton 006C,E02002154,Wolverhampton 006,E08000031,Wolverhampton
E00053015,E01010502,Wolverhampton 006C,E02002154,Wolverhampton 006,E08000031,Wolverhampton
E00053016,E01010501,Wolverhampton 006B,E02002154,Wolverhampton 006,E08000031,Wolverhampton
E00053017,E01010503,Wolverhampton 006D,E02002154,Wolverhampton 006,E08000031,Wolverhampton
E00053018,E01010502,Wolverhampton 006C,E02002154,Wolverhampton 006,E08000031,Wolverhampton
E00053019,E01010503,Wolverhampton 006D,E02002154,Wolverhampton 006,E08000031,Wolverhampton
E00053020,E01010503,Wolverhampton 006D,E02002154,Wolverhampton 006,E08000031,Wolverhampton
E00053021,E01010503,Wolverhampton 006D,E02002154,Wolverhampton 006,E08000031,Wolverhampton
E00053022,E01010503,Wolverhampton 006D,E02002154,Wolverhampton 006,E08000031,Wolverhampton
E00053023,E01010497,Wolverhampton 002B,E02002150,Wolverhampton 002,E08000031,Wolverhampton
E00053024,E01010497,Wolverhampton 002B,E02002150,Wolverhampton 002,E08000031,Wolverhampton
E00053025,E01010495,Wolverhampton 002A,E02002150,Wolverhampton 002,E08000031,Wolverhampton
E00053026,E01010495,Wolverhampton 002A,E02002150,Wolverhampton 002,E08000031,Wolverhampton
E00053027,E01010499,Wolverhampton 002C,E02002150,Wolverhampton 002,E08000031,Wolverhampton
E00053028,E01010495,Wolverhampton 002A,E02002150,Wolverhampton 002,E08000031,Wolverhampton
E00053029,E01010495,Wolverhampton 002A,E02002150,Wolverhampton 002,E08000031,Wolverhampton
E00053030,E01010496,Wolverhampton 003A,E02002151,Wolverhampton 003,E08000031,Wolverhampton
E00053031,E01010504,Wolverhampton 021D,E02002169,Wolverhampton 021,E08000031,Wolverhampton
E00053032,E01010508,Wolverhampton 017B,E02002165,Wolverhampton 017,E08000031,Wolverhampton
E00053033,E01010510,Wolverhampton 017C,E02002165,Wolverhampton 017,E08000031,Wolverhampton
E00053034,E01010511,Wolverhampton 017D,E02002165,Wolverhampton 017,E08000031,Wolverhampton
E00053035,E01010505,Wolverhampton 021E,E02002169,Wolverhampton 021,E08000031,Wolverhampton
E00053036,E01010507,Wolverhampton 021F,E02002169,Wolverhampton 021,E08000031,Wolverhampton
E00053037,E01010506,Wolverhampton 017A,E02002165,Wolverhampton 017,E08000031,Wolverhampton
E00053038,E01010505,Wolverhampton 021E,E02002169,Wolverhampton 021,E08000031,Wolverhampton
E00053039,E01010507,Wolverhampton 021F,E02002169,Wolverhampton 021,E08000031,Wolverhampton
E00053040,E01010505,Wolverhampton 021E,E02002169,Wolverhampton 021,E08000031,Wolverhampton
E00053041,E01010507,Wolverhampton 021F,E02002169,Wolverhampton 021,E08000031,Wolverhampton
E00053042,E01010509,Wolverhampton 019A,E02002167,Wolverhampton 019,E08000031,Wolverhampton
E00053043,E01010505,Wolverhampton 021E,E02002169,Wolverhampton 021,E08000031,Wolverhampton
E00053044,E01010504,Wolverhampton 021D,E02002169,Wolverhampton 021,E08000031,Wolverhampton
E00053045,E01010507,Wolverhampton 021F,E02002169,Wolverhampton 021,E08000031,Wolverhampton
E00053046,E01010509,Wolverhampton 019A,E02002167,Wolverhampton 019,E08000031,Wolverhampton
E00053047,E01010509,Wolverhampton 019A,E02002167,Wolverhampton 019,E08000031,Wolverhampton
E00053048,E01010507,Wolverhampton 021F,E02002169,Wolverhampton 021,E08000031,Wolverhampton
E00053049,E01010509,Wolverhampton 019A,E02002167,Wolverhampton 019,E08000031,Wolverhampton
E00053050,E01010509,Wolverhampton 019A,E02002167,Wolverhampton 019,E08000031,Wolverhampton
E00053051,E01010510,Wolverhampton 017C,E02002165,Wolverhampton 017,E08000031,Wolverhampton
E00053052,E01010510,Wolverhampton 017C,E02002165,Wolverhampton 017,E08000031,Wolverhampton
E00053053,E01010510,Wolverhampton 017C,E02002165,Wolverhampton 017,E08000031,Wolverhampton
E00053054,E01010510,Wolverhampton 017C,E02002165,Wolverhampton 017,E08000031,Wolverhampton
E00053055,E01010510,Wolverhampton 017C,E02002165,Wolverhampton 017,E08000031,Wolverhampton
E00053056,E01010511,Wolverhampton 017D,E02002165,Wolverhampton 017,E08000031,Wolverhampton
E00053057,E01010511,Wolverhampton 017D,E02002165,Wolverhampton 017,E08000031,Wolverhampton
E00053058,E01010511,Wolverhampton 017D,E02002165,Wolverhampton 017,E08000031,Wolverhampton
E00053059,E01010511,Wolverhampton 017D,E02002165,Wolverhampton 017,E08000031,Wolverhampton
E00053060,E01010512,Wolverhampton 017E,E02002165,Wolverhampton 017,E08000031,Wolverhampton
E00053061,E01010512,Wolverhampton 017E,E02002165,Wolverhampton 017,E08000031,Wolverhampton
E00053062,E01010512,Wolverhampton 017E,E02002165,Wolverhampton 017,E08000031,Wolverhampton
E00053063,E01010508,Wolverhampton 017B,E02002165,Wolverhampton 017,E08000031,Wolverhampton
E00053064,E01010512,Wolverhampton 017E,E02002165,Wolverhampton 017,E08000031,Wolverhampton
E00053065,E01010504,Wolverhampton 021D,E02002169,Wolverhampton 021,E08000031,Wolverhampton
E00053066,E01010508,Wolverhampton 017B,E02002165,Wolverhampton 017,E08000031,Wolverhampton
E00053067,E01010512,Wolverhampton 017E,E02002165,Wolverhampton 017,E08000031,Wolverhampton
E00053068,E01010508,Wolverhampton 017B,E02002165,Wolverhampton 017,E08000031,Wolverhampton
E00053069,E01010508,Wolverhampton 017B,E02002165,Wolverhampton 017,E08000031,Wolverhampton
E00053070,E01010506,Wolverhampton 017A,E02002165,Wolverhampton 017,E08000031,Wolverhampton
E00053071,E01010506,Wolverhampton 017A,E02002165,Wolverhampton 017,E08000031,Wolverhampton
E00053072,E01010506,Wolverhampton 017A,E02002165,Wolverhampton 017,E08000031,Wolverhampton
E00053073,E01010506,Wolverhampton 017A,E02002165,Wolverhampton 017,E08000031,Wolverhampton
E00053074,E01010504,Wolverhampton 021D,E02002169,Wolverhampton 021,E08000031,Wolverhampton
E00053075,E01010506,Wolverhampton 017A,E02002165,Wolverhampton 017,E08000031,Wolverhampton
E00053076,E01010509,Wolverhampton 019A,E02002167,Wolverhampton 019,E08000031,Wolverhampton
E00053077,E01010517,Wolverhampton 031D,E02002179,Wolverhampton 031,E08000031,Wolverhampton
E00053078,E01010515,Wolverhampton 031C,E02002179,Wolverhampton 031,E08000031,Wolverhampton
E00053079,E01010517,Wolverhampton 031D,E02002179,Wolverhampton 031,E08000031,Wolverhampton
E00053080,E01010518,Wolverhampton 026E,E02002174,Wolverhampton 026,E08000031,Wolverhampton
E00053081,E01010520,Wolverhampton 030E,E02002178,Wolverhampton 030,E08000031,Wolverhampton
E00053082,E01010516,Wolverhampton 026D,E02002174,Wolverhampton 026,E08000031,Wolverhampton
E00053083,E01010517,Wolverhampton 031D,E02002179,Wolverhampton 031,E08000031,Wolverhampton
E00053084,E01010519,Wolverhampton 030D,E02002178,Wolverhampton 030,E08000031,Wolverhampton
E00053085,E01010518,Wolverhampton 026E,E02002174,Wolverhampton 026,E08000031,Wolverhampton
E00053086,E01010516,Wolverhampton 026D,E02002174,Wolverhampton 026,E08000031,Wolverhampton
E00053087,E01010513,Wolverhampton 031A,E02002179,Wolverhampton 031,E08000031,Wolverhampton
E00053088,E01010518,Wolverhampton 026E,E02002174,Wolverhampton 026,E08000031,Wolverhampton
E00053089,E01010513,Wolverhampton 031A,E02002179,Wolverhampton 031,E08000031,Wolverhampton
E00053090,E01010520,Wolverhampton 030E,E02002178,Wolverhampton 030,E08000031,Wolverhampton
E00053091,E01010520,Wolverhampton 030E,E02002178,Wolverhampton 030,E08000031,Wolverhampton
E00053092,E01010517,Wolverhampton 031D,E02002179,Wolverhampton 031,E08000031,Wolverhampton
E00053093,E01010514,Wolverhampton 031B,E02002179,Wolverhampton 031,E08000031,Wolverhampton
E00053094,E01010513,Wolverhampton 031A,E02002179,Wolverhampton 031,E08000031,Wolverhampton
E00053095,E01010514,Wolverhampton 031B,E02002179,Wolverhampton 031,E08000031,Wolverhampton
E00053096,E01010520,Wolverhampton 030E,E02002178,Wolverhampton 030,E08000031,Wolverhampton
E00053097,E01010515,Wolverhampton 031C,E02002179,Wolverhampton 031,E08000031,Wolverhampton
E00053098,E01010520,Wolverhampton 030E,E02002178,Wolverhampton 030,E08000031,Wolverhampton
E00053099,E01010515,Wolverhampton 031C,E02002179,Wolverhampton 031,E08000031,Wolverhampton
E00053100,E01010514,Wolverhampton 031B,E02002179,Wolverhampton 031,E08000031,Wolverhampton
E00053101,E01010515,Wolverhampton 031C,E02002179,Wolverhampton 031,E08000031,Wolverhampton
E00053102,E01010515,Wolverhampton 031C,E02002179,Wolverhampton 031,E08000031,Wolverhampton
E00053103,E01010514,Wolverhampton 031B,E02002179,Wolverhampton 031,E08000031,Wolverhampton
E00053104,E01010513,Wolverhampton 031A,E02002179,Wolverhampton 031,E08000031,Wolverhampton
E00053105,E01010513,Wolverhampton 031A,E02002179,Wolverhampton 031,E08000031,Wolverhampton
E00053106,E01010514,Wolverhampton 031B,E02002179,Wolverhampton 031,E08000031,Wolverhampton
E00053107,E01010516,Wolverhampton 026D,E02002174,Wolverhampton 026,E08000031,Wolverhampton
E00053108,E01010518,Wolverhampton 026E,E02002174,Wolverhampton 026,E08000031,Wolverhampton
E00053109,E01010519,Wolverhampton 030D,E02002178,Wolverhampton 030,E08000031,Wolverhampton
E00053110,E01010518,Wolverhampton 026E,E02002174,Wolverhampton 026,E08000031,Wolverhampton
E00053111,E01010519,Wolverhampton 030D,E02002178,Wolverhampton 030,E08000031,Wolverhampton
E00053112,E01010516,Wolverhampton 026D,E02002174,Wolverhampton 026,E08000031,Wolverhampton
E00053113,E01010517,Wolverhampton 031D,E02002179,Wolverhampton 031,E08000031,Wolverhampton
E00053114,E01010519,Wolverhampton 030D,E02002178,Wolverhampton 030,E08000031,Wolverhampton
E00053115,E01010524,Wolverhampton 013C,E02002161,Wolverhampton 013,E08000031,Wolverhampton
E00053116,E01010527,Wolverhampton 016B,E02002164,Wolverhampton 016,E08000031,Wolverhampton
E00053117,E01010523,Wolverhampton 013B,E02002161,Wolverhampton 013,E08000031,Wolverhampton
E00053118,E01010526,Wolverhampton 016A,E02002164,Wolverhampton 016,E08000031,Wolverhampton
E00053119,E01010524,Wolverhampton 013C,E02002161,Wolverhampton 013,E08000031,Wolverhampton
E00053120,E01010524,Wolverhampton 013C,E02002161,Wolverhampton 013,E08000031,Wolverhampton
E00053121,E01010523,Wolverhampton 013B,E02002161,Wolverhampton 013,E08000031,Wolverhampton
E00053122,E01010525,Wolverhampton 013D,E02002161,Wolverhampton 013,E08000031,Wolverhampton
E00053123,E01010526,Wolverhampton 016A,E02002164,Wolverhampton 016,E08000031,Wolverhampton
E00053124,E01010525,Wolverhampton 013D,E02002161,Wolverhampton 013,E08000031,Wolverhampton
E00053125,E01010525,Wolverhampton 013D,E02002161,Wolverhampton 013,E08000031,Wolverhampton
E00053126,E01010522,Wolverhampton 013A,E02002161,Wolverhampton 013,E08000031,Wolverhampton
E00053127,E01010526,Wolverhampton 016A,E02002164,Wolverhampton 016,E08000031,Wolverhampton
E00053128,E01010526,Wolverhampton 016A,E02002164,Wolverhampton 016,E08000031,Wolverhampton
E00053129,E01010523,Wolverhampton 013B,E02002161,Wolverhampton 013,E08000031,Wolverhampton
E00053130,E01010527,Wolverhampton 016B,E02002164,Wolverhampton 016,E08000031,Wolverhampton
E00053131,E01010524,Wolverhampton 013C,E02002161,Wolverhampton 013,E08000031,Wolverhampton
E00053132,E01010522,Wolverhampton 013A,E02002161,Wolverhampton 013,E08000031,Wolverhampton
E00053133,E01010523,Wolverhampton 013B,E02002161,Wolverhampton 013,E08000031,Wolverhampton
E00053134,E01010528,Wolverhampton 016C,E02002164,Wolverhampton 016,E08000031,Wolverhampton
E00053135,E01010525,Wolverhampton 013D,E02002161,Wolverhampton 013,E08000031,Wolverhampton
E00053136,E01010523,Wolverhampton 013B,E02002161,Wolverhampton 013,E08000031,Wolverhampton
E00053137,E01010527,Wolverhampton 016B,E02002164,Wolverhampton 016,E08000031,Wolverhampton
E00053138,E01010521,Wolverhampton 020F,E02002168,Wolverhampton 020,E08000031,Wolverhampton
E00053139,E01010529,Wolverhampton 016D,E02002164,Wolverhampton 016,E08000031,Wolverhampton
E00053140,E01010528,Wolverhampton 016C,E02002164,Wolverhampton 016,E08000031,Wolverhampton
E00053141,E01010521,Wolverhampton 020F,E02002168,Wolverhampton 020,E08000031,Wolverhampton
E00053142,E01010527,Wolverhampton 016B,E02002164,Wolverhampton 016,E08000031,Wolverhampton
E00053144,E01010528,Wolverhampton 016C,E02002164,Wolverhampton 016,E08000031,Wolverhampton
E00053145,E01010527,Wolverhampton 016B,E02002164,Wolverhampton 016,E08000031,Wolverhampton
E00053146,E01010529,Wolverhampton 016D,E02002164,Wolverhampton 016,E08000031,Wolverhampton
E00053147,E01010529,Wolverhampton 016D,E02002164,Wolverhampton 016,E08000031,Wolverhampton
E00053148,E01010528,Wolverhampton 016C,E02002164,Wolverhampton 016,E08000031,Wolverhampton
E00053149,E01010529,Wolverhampton 016D,E02002164,Wolverhampton 016,E08000031,Wolverhampton
E00053151,E01010530,Wolverhampton 035H,E02006894,Wolverhampton 035,E08000031,Wolverhampton
E00053152,E01010530,Wolverhampton 035H,E02006894,Wolverhampton 035,E08000031,Wolverhampton
E00053153,E01010530,Wolverhampton 035H,E02006894,Wolverhampton 035,E08000031,Wolverhampton
E00053154,E01010530,Wolverhampton 035H,E02006894,Wolverhampton 035,E08000031,Wolverhampton
E00053155,E01010522,Wolverhampton 013A,E02002161,Wolverhampton 013,E08000031,Wolverhampton
E00053156,E01010522,Wolverhampton 013A,E02002161,Wolverhampton 013,E08000031,Wolverhampton
E00053157,E01010522,Wolverhampton 013A,E02002161,Wolverhampton 013,E08000031,Wolverhampton
E00053158,E01010524,Wolverhampton 013C,E02002161,Wolverhampton 013,E08000031,Wolverhampton
E00053159,E01010534,Wolverhampton 034C,E02002182,Wolverhampton 034,E08000031,Wolverhampton
E00053160,E01010535,Wolverhampton 032B,E02002180,Wolverhampton 032,E08000031,Wolverhampton
E00053161,E01010532,Wolverhampton 034B,E02002182,Wolverhampton 034,E08000031,Wolverhampton
E00053162,E01010532,Wolverhampton 034B,E02002182,Wolverhampton 034,E08000031,Wolverhampton
E00053163,E01010531,Wolverhampton 034A,E02002182,Wolverhampton 034,E08000031,Wolverhampton
E00053164,E01010533,Wolverhampton 032A,E02002180,Wolverhampton 032,E08000031,Wolverhampton
E00053165,E01010533,Wolverhampton 032A,E02002180,Wolverhampton 032,E08000031,Wolverhampton
E00053166,E01010533,Wolverhampton 032A,E02002180,Wolverhampton 032,E08000031,Wolverhampton
E00053167,E01010533,Wolverhampton 032A,E02002180,Wolverhampton 032,E08000031,Wolverhampton
E00053168,E01010533,Wolverhampton 032A,E02002180,Wolverhampton 032,E08000031,Wolverhampton
E00053169,E01010533,Wolverhampton 032A,E02002180,Wolverhampton 032,E08000031,Wolverhampton
E00053170,E01010535,Wolverhampton 032B,E02002180,Wolverhampton 032,E08000031,Wolverhampton
E00053171,E01010535,Wolverhampton 032B,E02002180,Wolverhampton 032,E08000031,Wolverhampton
E00053172,E01010535,Wolverhampton 032B,E02002180,Wolverhampton 032,E08000031,Wolverhampton
E00053173,E01010536,Wolverhampton 032C,E02002180,Wolverhampton 032,E08000031,Wolverhampton
E00053174,E01010536,Wolverhampton 032C,E02002180,Wolverhampton 032,E08000031,Wolverhampton
E00053175,E01010536,Wolverhampton 032C,E02002180,Wolverhampton 032,E08000031,Wolverhampton
E00053176,E01010534,Wolverhampton 034C,E02002182,Wolverhampton 034,E08000031,Wolverhampton
E00053177,E01010536,Wolverhampton 032C,E02002180,Wolverhampton 032,E08000031,Wolverhampton
E00053178,E01010534,Wolverhampton 034C,E02002182,Wolverhampton 034,E08000031,Wolverhampton
E00053179,E01010535,Wolverhampton 032B,E02002180,Wolverhampton 032,E08000031,Wolverhampton
E00053180,E01010536,Wolverhampton 032C,E02002180,Wolverhampton 032,E08000031,Wolverhampton
E00053181,E01010538,Wolverhampton 034D,E02002182,Wolverhampton 034,E08000031,Wolverhampton
E00053182,E01010538,Wolverhampton 034D,E02002182,Wolverhampton 034,E08000031,Wolverhampton
E00053183,E01010534,Wolverhampton 034C,E02002182,Wolverhampton 034,E08000031,Wolverhampton
E00053184,E01010537,Wolverhampton 032D,E02002180,Wolverhampton 032,E08000031,Wolverhampton
E00053185,E01010531,Wolverhampton 034A,E02002182,Wolverhampton 034,E08000031,Wolverhampton
E00053186,E01010538,Wolverhampton 034D,E02002182,Wolverhampton 034,E08000031,Wolverhampton
E00053187,E01010537,Wolverhampton 032D,E02002180,Wolverhampton 032,E08000031,Wolverhampton
E00053188,E01010538,Wolverhampton 034D,E02002182,Wolverhampton 034,E08000031,Wolverhampton
E00053189,E01010537,Wolverhampton 032D,E02002180,Wolverhampton 032,E08000031,Wolverhampton
E00053190,E01010537,Wolverhampton 032D,E02002180,Wolverhampton 032,E08000031,Wolverhampton
E00053191,E01010531,Wolverhampton 034A,E02002182,Wolverhampton 034,E08000031,Wolverhampton
E00053192,E01010537,Wolverhampton 032D,E02002180,Wolverhampton 032,E08000031,Wolverhampton
E00053193,E01010538,Wolverhampton 034D,E02002182,Wolverhampton 034,E08000031,Wolverhampton
E00053194,E01010531,Wolverhampton 034A,E02002182,Wolverhampton 034,E08000031,Wolverhampton
E00053195,E01010532,Wolverhampton 034B,E02002182,Wolverhampton 034,E08000031,Wolverhampton
E00053196,E01010531,Wolverhampton 034A,E02002182,Wolverhampton 034,E08000031,Wolverhampton
E00053197,E01010531,Wolverhampton 034A,E02002182,Wolverhampton 034,E08000031,Wolverhampton
E00053198,E01010532,Wolverhampton 034B,E02002182,Wolverhampton 034,E08000031,Wolverhampton
E00053199,E01010532,Wolverhampton 034B,E02002182,Wolverhampton 034,E08000031,Wolverhampton
E00053200,E01010546,Wolverhampton 014A,E02002162,Wolverhampton 014,E08000031,Wolverhampton
E00053201,E01010540,Wolverhampton 009B,E02002157,Wolverhampton 009,E08000031,Wolverhampton
E00053202,E01010546,Wolverhampton 014A,E02002162,Wolverhampton 014,E08000031,Wolverhampton
E00053203,E01010544,Wolverhampton 009D,E02002157,Wolverhampton 009,E08000031,Wolverhampton
E00053204,E01010543,Wolverhampton 003D,E02002151,Wolverhampton 003,E08000031,Wolverhampton
E00053205,E01010542,Wolverhampton 009C,E02002157,Wolverhampton 009,E08000031,Wolverhampton
E00053206,E01010542,Wolverhampton 009C,E02002157,Wolverhampton 009,E08000031,Wolverhampton
E00053207,E01010544,Wolverhampton 009D,E02002157,Wolverhampton 009,E08000031,Wolverhampton
E00053208,E01010544,Wolverhampton 009D,E02002157,Wolverhampton 009,E08000031,Wolverhampton
E00053209,E01010544,Wolverhampton 009D,E02002157,Wolverhampton 009,E08000031,Wolverhampton
E00053210,E01010542,Wolverhampton 009C,E02002157,Wolverhampton 009,E08000031,Wolverhampton
E00053211,E01010545,Wolverhampton 009E,E02002157,Wolverhampton 009,E08000031,Wolverhampton
E00053212,E01010544,Wolverhampton 009D,E02002157,Wolverhampton 009,E08000031,Wolverhampton
E00053213,E01010545,Wolverhampton 009E,E02002157,Wolverhampton 009,E08000031,Wolverhampton
E00053214,E01010542,Wolverhampton 009C,E02002157,Wolverhampton 009,E08000031,Wolverhampton
E00053215,E01010545,Wolverhampton 009E,E02002157,Wolverhampton 009,E08000031,Wolverhampton
E00053216,E01010546,Wolverhampton 014A,E02002162,Wolverhampton 014,E08000031,Wolverhampton
E00053217,E01010542,Wolverhampton 009C,E02002157,Wolverhampton 009,E08000031,Wolverhampton
E00053218,E01010540,Wolverhampton 009B,E02002157,Wolverhampton 009,E08000031,Wolverhampton
E00053219,E01010545,Wolverhampton 009E,E02002157,Wolverhampton 009,E08000031,Wolverhampton
E00053220,E01010539,Wolverhampton 009A,E02002157,Wolverhampton 009,E08000031,Wolverhampton
E00053221,E01010545,Wolverhampton 009E,E02002157,Wolverhampton 009,E08000031,Wolverhampton
E00053222,E01010546,Wolverhampton 014A,E02002162,Wolverhampton 014,E08000031,Wolverhampton
E00053223,E01010539,Wolverhampton 009A,E02002157,Wolverhampton 009,E08000031,Wolverhampton
E00053224,E01010539,Wolverhampton 009A,E02002157,Wolverhampton 009,E08000031,Wolverhampton
E00053225,E01010540,Wolverhampton 009B,E02002157,Wolverhampton 009,E08000031,Wolverhampton
E00053226,E01010540,Wolverhampton 009B,E02002157,Wolverhampton 009,E08000031,Wolverhampton
E00053227,E01010539,Wolverhampton 009A,E02002157,Wolverhampton 009,E08000031,Wolverhampton
E00053228,E01010540,Wolverhampton 009B,E02002157,Wolverhampton 009,E08000031,Wolverhampton
E00053229,E01010539,Wolverhampton 009A,E02002157,Wolverhampton 009,E08000031,Wolverhampton
E00053230,E01010541,Wolverhampton 003C,E02002151,Wolverhampton 003,E08000031,Wolverhampton
E00053231,E01010541,Wolverhampton 003C,E02002151,Wolverhampton 003,E08000031,Wolverhampton
E00053232,E01010543,Wolverhampton 003D,E02002151,Wolverhampton 003,E08000031,Wolverhampton
E00053233,E01010541,Wolverhampton 003C,E02002151,Wolverhampton 003,E08000031,Wolverhampton
E00053234,E01010541,Wolverhampton 003C,E02002151,Wolverhampton 003,E08000031,Wolverhampton
E00053235,E01010541,Wolverhampton 003C,E02002151,Wolverhampton 003,E08000031,Wolverhampton
E00053236,E01010543,Wolverhampton 003D,E02002151,Wolverhampton 003,E08000031,Wolverhampton
E00053237,E01010543,Wolverhampton 003D,E02002151,Wolverhampton 003,E08000031,Wolverhampton
E00053238,E01010543,Wolverhampton 003D,E02002151,Wolverhampton 003,E08000031,Wolverhampton
E00053239,E01010550,Wolverhampton 019B,E02002167,Wolverhampton 019,E08000031,Wolverhampton
E00053240,E01010552,Wolverhampton 019D,E02002167,Wolverhampton 019,E08000031,Wolverhampton
E00053241,E01010547,Wolverhampton 014B,E02002162,Wolverhampton 014,E08000031,Wolverhampton
E00053242,E01010553,Wolverhampton 014E,E02002162,Wolverhampton 014,E08000031,Wolverhampton
E00053243,E01010553,Wolverhampton 014E,E02002162,Wolverhampton 014,E08000031,Wolverhampton
E00053244,E01010553,Wolverhampton 014E,E02002162,Wolverhampton 014,E08000031,Wolverhampton
E00053245,E01010553,Wolverhampton 014E,E02002162,Wolverhampton 014,E08000031,Wolverhampton
E00053246,E01010547,Wolverhampton 014B,E02002162,Wolverhampton 014,E08000031,Wolverhampton
E00053247,E01010547,Wolverhampton 014B,E02002162,Wolverhampton 014,E08000031,Wolverhampton
E00053248,E01010547,Wolverhampton 014B,E02002162,Wolverhampton 014,E08000031,Wolverhampton
E00053249,E01010548,Wolverhampton 014C,E02002162,Wolverhampton 014,E08000031,Wolverhampton
E00053250,E01010547,Wolverhampton 014B,E02002162,Wolverhampton 014,E08000031,Wolverhampton
E00053251,E01010548,Wolverhampton 014C,E02002162,Wolverhampton 014,E08000031,Wolverhampton
E00053252,E01010553,Wolverhampton 014E,E02002162,Wolverhampton 014,E08000031,Wolverhampton
E00053253,E01010548,Wolverhampton 014C,E02002162,Wolverhampton 014,E08000031,Wolverhampton
E00053254,E01010548,Wolverhampton 014C,E02002162,Wolverhampton 014,E08000031,Wolverhampton
E00053255,E01010548,Wolverhampton 014C,E02002162,Wolverhampton 014,E08000031,Wolverhampton
E00053256,E01010549,Wolverhampton 014D,E02002162,Wolverhampton 014,E08000031,Wolverhampton
E00053257,E01010549,Wolverhampton 014D,E02002162,Wolverhampton 014,E08000031,Wolverhampton
E00053258,E01010549,Wolverhampton 014D,E02002162,Wolverhampton 014,E08000031,Wolverhampton
E00053259,E01010548,Wolverhampton 014C,E02002162,Wolverhampton 014,E08000031,Wolverhampton
E00053260,E01010547,Wolverhampton 014B,E02002162,Wolverhampton 014,E08000031,Wolverhampton
E00053261,E01010551,Wolverhampton 019C,E02002167,Wolverhampton 019,E08000031,Wolverhampton
E00053262,E01010551,Wolverhampton 019C,E02002167,Wolverhampton 019,E08000031,Wolverhampton
E00053263,E01010549,Wolverhampton 014D,E02002162,Wolverhampton 014,E08000031,Wolverhampton
E00053264,E01010551,Wolverhampton 019C,E02002167,Wolverhampton 019,E08000031,Wolverhampton
E00053265,E01010550,Wolverhampton 019B,E02002167,Wolverhampton 019,E08000031,Wolverhampton
E00053266,E01010551,Wolverhampton 019C,E02002167,Wolverhampton 019,E08000031,Wolverhampton
E00053267,E01010549,Wolverhampton 014D,E02002162,Wolverhampton 014,E08000031,Wolverhampton
E00053268,E01010551,Wolverhampton 019C,E02002167,Wolverhampton 019,E08000031,Wolverhampton
E00053269,E01010550,Wolverhampton 019B,E02002167,Wolverhampton 019,E08000031,Wolverhampton
E00053270,E01010551,Wolverhampton 019C,E02002167,Wolverhampton 019,E08000031,Wolverhampton
E00053271,E01010550,Wolverhampton 019B,E02002167,Wolverhampton 019,E08000031,Wolverhampton
E00053272,E01010550,Wolverhampton 019B,E02002167,Wolverhampton 019,E08000031,Wolverhampton
E00053273,E01010552,Wolverhampton 019D,E02002167,Wolverhampton 019,E08000031,Wolverhampton
E00053274,E01010552,Wolverhampton 019D,E02002167,Wolverhampton 019,E08000031,Wolverhampton
E00053275,E01010552,Wolverhampton 019D,E02002167,Wolverhampton 019,E08000031,Wolverhampton
E00053276,E01010552,Wolverhampton 019D,E02002167,Wolverhampton 019,E08000031,Wolverhampton
E00053277,E01010552,Wolverhampton 019D,E02002167,Wolverhampton 019,E08000031,Wolverhampton
E00053278,E01010558,Wolverhampton 010B,E02002158,Wolverhampton 010,E08000031,Wolverhampton
E00053279,E01010558,Wolverhampton 010B,E02002158,Wolverhampton 010,E08000031,Wolverhampton
E00053280,E01010557,Wolverhampton 005C,E02002153,Wolverhampton 005,E08000031,Wolverhampton
E00053281,E01010557,Wolverhampton 005C,E02002153,Wolverhampton 005,E08000031,Wolverhampton
E00053282,E01010554,Wolverhampton 010A,E02002158,Wolverhampton 010,E08000031,Wolverhampton
E00053283,E01010555,Wolverhampton 005A,E02002153,Wolverhampton 005,E08000031,Wolverhampton
E00053284,E01010558,Wolverhampton 010B,E02002158,Wolverhampton 010,E08000031,Wolverhampton
E00053285,E01010557,Wolverhampton 005C,E02002153,Wolverhampton 005,E08000031,Wolverhampton
E00053286,E01010558,Wolverhampton 010B,E02002158,Wolverhampton 010,E08000031,Wolverhampton
E00053287,E01010558,Wolverhampton 010B,E02002158,Wolverhampton 010,E08000031,Wolverhampton
E00053288,E01010556,Wolverhampton 005B,E02002153,Wolverhampton 005,E08000031,Wolverhampton
E00053289,E01010554,Wolverhampton 010A,E02002158,Wolverhampton 010,E08000031,Wolverhampton
E00053290,E01010554,Wolverhampton 010A,E02002158,Wolverhampton 010,E08000031,Wolverhampton
E00053291,E01010554,Wolverhampton 010A,E02002158,Wolverhampton 010,E08000031,Wolverhampton
E00053292,E01010559,Wolverhampton 005D,E02002153,Wolverhampton 005,E08000031,Wolverhampton
E00053293,E01010559,Wolverhampton 005D,E02002153,Wolverhampton 005,E08000031,Wolverhampton
E00053294,E01010560,Wolverhampton 005E,E02002153,Wolverhampton 005,E08000031,Wolverhampton
E00053295,E01010559,Wolverhampton 005D,E02002153,Wolverhampton 005,E08000031,Wolverhampton
E00053296,E01010559,Wolverhampton 005D,E02002153,Wolverhampton 005,E08000031,Wolverhampton
E00053297,E01010560,Wolverhampton 005E,E02002153,Wolverhampton 005,E08000031,Wolverhampton
E00053298,E01010560,Wolverhampton 005E,E02002153,Wolverhampton 005,E08000031,Wolverhampton
E00053299,E01010559,Wolverhampton 005D,E02002153,Wolverhampton 005,E08000031,Wolverhampton
E00053300,E01010560,Wolverhampton 005E,E02002153,Wolverhampton 005,E08000031,Wolverhampton
E00053301,E01010560,Wolverhampton 005E,E02002153,Wolverhampton 005,E08000031,Wolverhampton
E00053302,E01010556,Wolverhampton 005B,E02002153,Wolverhampton 005,E08000031,Wolverhampton
E00053303,E01010556,Wolverhampton 005B,E02002153,Wolverhampton 005,E08000031,Wolverhampton
E00053304,E01010560,Wolverhampton 005E,E02002153,Wolverhampton 005,E08000031,Wolverhampton
E00053305,E01010555,Wolverhampton 005A,E02002153,Wolverhampton 005,E08000031,Wolverhampton
E00053306,E01010555,Wolverhampton 005A,E02002153,Wolverhampton 005,E08000031,Wolverhampton
E00053307,E01010556,Wolverhampton 005B,E02002153,Wolverhampton 005,E08000031,Wolverhampton
E00053308,E01010555,Wolverhampton 005A,E02002153,Wolverhampton 005,E08000031,Wolverhampton
E00053309,E01010556,Wolverhampton 005B,E02002153,Wolverhampton 005,E08000031,Wolverhampton
E00053310,E01010555,Wolverhampton 005A,E02002153,Wolverhampton 005,E08000031,Wolverhampton
E00053311,E01010557,Wolverhampton 005C,E02002153,Wolverhampton 005,E08000031,Wolverhampton
E00053312,E01010554,Wolverhampton 010A,E02002158,Wolverhampton 010,E08000031,Wolverhampton
E00053313,E01010555,Wolverhampton 005A,E02002153,Wolverhampton 005,E08000031,Wolverhampton
E00053314,E01010557,Wolverhampton 005C,E02002153,Wolverhampton 005,E08000031,Wolverhampton
E00053315,E01010564,Wolverhampton 012C,E02002160,Wolverhampton 012,E08000031,Wolverhampton
E00053316,E01010565,Wolverhampton 012D,E02002160,Wolverhampton 012,E08000031,Wolverhampton
E00053317,E01010565,Wolverhampton 012D,E02002160,Wolverhampton 012,E08000031,Wolverhampton
E00053318,E01010563,Wolverhampton 010D,E02002158,Wolverhampton 010,E08000031,Wolverhampton
E00053319,E01010561,Wolverhampton 012B,E02002160,Wolverhampton 012,E08000031,Wolverhampton
E00053320,E01010561,Wolverhampton 012B,E02002160,Wolverhampton 012,E08000031,Wolverhampton
E00053321,E01010565,Wolverhampton 012D,E02002160,Wolverhampton 012,E08000031,Wolverhampton
E00053322,E01010561,Wolverhampton 012B,E02002160,Wolverhampton 012,E08000031,Wolverhampton
E00053323,E01010564,Wolverhampton 012C,E02002160,Wolverhampton 012,E08000031,Wolverhampton
E00053324,E01010565,Wolverhampton 012D,E02002160,Wolverhampton 012,E08000031,Wolverhampton
E00053326,E01010562,Wolverhampton 010C,E02002158,Wolverhampton 010,E08000031,Wolverhampton
E00053327,E01010565,Wolverhampton 012D,E02002160,Wolverhampton 012,E08000031,Wolverhampton
E00053328,E01010562,Wolverhampton 010C,E02002158,Wolverhampton 010,E08000031,Wolverhampton
E00053329,E01010564,Wolverhampton 012C,E02002160,Wolverhampton 012,E08000031,Wolverhampton
E00053330,E01010564,Wolverhampton 012C,E02002160,Wolverhampton 012,E08000031,Wolverhampton
E00053331,E01010566,Wolverhampton 008E,E02002156,Wolverhampton 008,E08000031,Wolverhampton
E00053332,E01010567,Wolverhampton 010E,E02002158,Wolverhampton 010,E08000031,Wolverhampton
E00053333,E01010567,Wolverhampton 010E,E02002158,Wolverhampton 010,E08000031,Wolverhampton
E00053334,E01010566,Wolverhampton 008E,E02002156,Wolverhampton 008,E08000031,Wolverhampton
E00053335,E01010566,Wolverhampton 008E,E02002156,Wolverhampton 008,E08000031,Wolverhampton
E00053336,E01010567,Wolverhampton 010E,E02002158,Wolverhampton 010,E08000031,Wolverhampton
E00053337,E01010563,Wolverhampton 010D,E02002158,Wolverhampton 010,E08000031,Wolverhampton
E00053338,E01010566,Wolverhampton 008E,E02002156,Wolverhampton 008,E08000031,Wolverhampton
E00053339,E01010567,Wolverhampton 010E,E02002158,Wolverhampton 010,E08000031,Wolverhampton
E00053340,E01010566,Wolverhampton 008E,E02002156,Wolverhampton 008,E08000031,Wolverhampton
E00053341,E01010566,Wolverhampton 008E,E02002156,Wolverhampton 008,E08000031,Wolverhampton
E00053342,E01010563,Wolverhampton 010D,E02002158,Wolverhampton 010,E08000031,Wolverhampton
E00053343,E01010567,Wolverhampton 010E,E02002158,Wolverhampton 010,E08000031,Wolverhampton
E00053344,E01010562,Wolverhampton 010C,E02002158,Wolverhampton 010,E08000031,Wolverhampton
E00053345,E01010562,Wolverhampton 010C,E02002158,Wolverhampton 010,E08000031,Wolverhampton
E00053346,E01010563,Wolverhampton 010D,E02002158,Wolverhampton 010,E08000031,Wolverhampton
E00053347,E01010562,Wolverhampton 010C,E02002158,Wolverhampton 010,E08000031,Wolverhampton
E00053348,E01010562,Wolverhampton 010C,E02002158,Wolverhampton 010,E08000031,Wolverhampton
E00053349,E01010561,Wolverhampton 012B,E02002160,Wolverhampton 012,E08000031,Wolverhampton
E00053350,E01010563,Wolverhampton 010D,E02002158,Wolverhampton 010,E08000031,Wolverhampton
E00053351,E01010561,Wolverhampton 012B,E02002160,Wolverhampton 012,E08000031,Wolverhampton
E00053352,E01010565,Wolverhampton 012D,E02002160,Wolverhampton 012,E08000031,Wolverhampton
E00167318,E01010521,Wolverhampton 020F,E02002168,Wolverhampton 020,E08000031,Wolverhampton
E00167320,E01010412,Wolverhampton 033C,E02002181,Wolverhampton 033,E08000031,Wolverhampton
E00167321,E01010521,Wolverhampton 020F,E02002168,Wolverhampton 020,E08000031,Wolverhampton
E00167323,E01010521,Wolverhampton 020F,E02002168,Wolverhampton 020,E08000031,Wolverhampton
E00167325,E01010521,Wolverhampton 020F,E02002168,Wolverhampton 020,E08000031,Wolverhampton
E00167326,E01010521,Wolverhampton 020F,E02002168,Wolverhampton 020,E08000031,Wolverhampton
E00167328,E01010485,Wolverhampton 007D,E02002155,Wolverhampton 007,E08000031,Wolverhampton
E00167329,E01010485,Wolverhampton 007D,E02002155,Wolverhampton 007,E08000031,Wolverhampton
E00167331,E01010564,Wolverhampton 012C,E02002160,Wolverhampton 012,E08000031,Wolverhampton
E00167332,E01010414,Wolverhampton 027A,E02002175,Wolverhampton 027,E08000031,Wolverhampton
E00167334,E01010412,Wolverhampton 033C,E02002181,Wolverhampton 033,E08000031,Wolverhampton
E00167335,E01010414,Wolverhampton 027A,E02002175,Wolverhampton 027,E08000031,Wolverhampton
E00167337,E01010449,Wolverhampton 029A,E02002177,Wolverhampton 029,E08000031,Wolverhampton
E00167339,E01010449,Wolverhampton 029A,E02002177,Wolverhampton 029,E08000031,Wolverhampton
E00167340,E01010449,Wolverhampton 029A,E02002177,Wolverhampton 029,E08000031,Wolverhampton
E00167342,E01010564,Wolverhampton 012C,E02002160,Wolverhampton 012,E08000031,Wolverhampton
E00167343,E01010412,Wolverhampton 033C,E02002181,Wolverhampton 033,E08000031,Wolverhampton
E00167345,E01010412,Wolverhampton 033C,E02002181,Wolverhampton 033,E08000031,Wolverhampton
E00167346,E01010521,Wolverhampton 020F,E02002168,Wolverhampton 020,E08000031,Wolverhampton
E00167348,E01010433,Wolverhampton 035E,E02006894,Wolverhampton 035,E08000031,Wolverhampton
